email,password_hash,role
rahmet@fakemail.com,ee8e9805ac01692b27767ca2e26ca52758736607cfefb08b222e26be264b1c6b,user
rahmi@fake.com,8c5b79cdab71169ff689e798250f3157dbf42c81c6c87c62c5d46c2c62febe65,user
newUser@fake.com,bb70883e507a89eb7df5a6c09ec10df46769181e6fd8b1a1e331043265897d3e,user
new@gmail.com,dca7800a19fc3d27116d2560d74993eab2f3bd4e9be0d028bf49cd34c296d99b,user
lili@gmail.com,addde7844e09c598af45379f273f358728dace7664ced58a2334234599b44656,user
rutha@fakemail.com,47afbe0838bc496d1fe4a1050d317ef58bfae1b387066bf66e75adabb90e79df,user
lilian@fakemail.com,ae44eac241aaf8f60ea09be1f3936f14fd8af240b31b96faa3f31c1ae28fb955,user
hamzasadioglu.s@gmail.com,23d3c9a1302c820c85cdea6ceab4bf533e8f25faa944ee27803225f61bb594e5,user
kimtester@gmail.com,07480fb9e85b9396af06f006cf1c95024af2531c65fb505cfbd0add1e2f31573,user
Rijenshokan@gmail.com,73b42c84de78ba492ab38e5fc8443cb22af67cd89ce1bdad83ee6041ffd234fe,user
hieu.hoangtrung1998@gmail.com,LINKEDIN_OAUTH_ACCOUNT,user
